command,mean,stddev,user,system,min,max
./Rust/bin/Euler3,0.42237845096000004,0.0047476665285950456,0.42144525499999996,0.001147241,0.41832902296,0.42975733496
./Nim/bin/p003,0.007186769366511633,0.004021573578141341,0.005690283742071887,0.0019435557082452426,0,0.01505904696
./Haskell/bin/3,0.007241312759163181,0.003232515289136536,0.005096618974895398,0.002575713912133891,0.0027444299599999967,0.015054275959999999
python PythonS/E3.py,0.1562525163284211,0.005458807046041903,0.15523426552631578,0.0015985586842105263,0.14991053796,0.16438911496000003
