command,mean,stddev,user,system,min,max
./Rust/bin/Euler1,0.0005544806576252793,0.0001574440884676505,0.0005891652356020948,0.00044550676140613316,0.00034639688499999983,0.001862974885
./Nim/bin/p001,0.000369214991938775,0.0001311383024909827,0.0004618883591836744,0.00037064657959183674,0.00017981288499999983,0.0011114118849999998
./Haskell/bin/1,0.0006442622891867958,0.00013756564835482044,0.0006499510466988742,0.0004907498067632854,0.0004515698849999999,0.0018864468849999997
