command,mean,stddev,user,system,min,max
./Rust/bin/Euler11,0.00048725530820620315,0.00014758963071299374,0.0005601995976529763,0.0005115503269069574,0.0002895213299999996,0.0012104233299999995
./Haskell/bin/11,0.0017006015730044182,0.0001836762848676605,0.0014105275405007355,0.0008512364653902794,0.0014813223299999997,0.0030211623299999995
