command,mean,stddev,user,system,min,max
./Rust/bin/Euler10,1.1895393465600002,0.0013469896374807412,1.187618215,0.0009478859999999999,1.18687711826,1.1914232902600002
./Nim/bin/p010,2.75458418616,0.010867211414084385,2.6776428149999996,0.07190102999999999,2.7410981632599998,2.7749073002599998
./Haskell/bin/10,0.11772131867666669,0.0015611083072605786,0.11547829833333333,0.002071959166666667,0.11648967726000001,0.12385555726
