command,mean,stddev,user,system,min,max
./Rust/bin/euler_4,0.04091466258166668,0.0025578041967143066,0.03993912039682537,0.00111453126984127,0.037707398915,0.050541175915
./Nim/bin/p004,0.06090281587152174,0.0014790628953146253,0.06037336021739131,0.0007006464130434783,0.058096560915000005,0.065684292915
./Haskell/bin/4,0.0006703694583333325,0.0003109848045069824,0.000720977866666667,0.0007259736222222222,0.0002323269149999991,0.002437435914999999
