command,mean,stddev,user,system,min,max
./Rust/bin/euler_1,0.00048367747888298043,0.0003638705802401028,0.0006393279853723406,0.0006325825265957446,0.000046434185000001574,0.002603893185000002
./Nim/bin/p001,0.0002762419133666981,0.00027812374137313825,0.0005289646451319385,0.00047580602365787097,0,0.0019053471850000018
./Haskell/bin/1,0.0005526734740052371,0.00032910143294404215,0.0006910017853403136,0.000650617507853403,0.00015477918500000172,0.0023403571850000022
