command,mean,stddev,user,system,min,max
./Rust/bin/euler_7,0.020895333750793648,0.0008877985697585784,0.020200968492063483,0.0008440647619047618,0.019958002600000004,0.024491629600000005
./Nim/bin/p007,0.06661907953181818,0.0013293269078042942,0.04998229136363636,0.016414582727272725,0.06443489960000001,0.0708421696
./Haskell/bin/7,0.0056674848061855675,0.0007125815292431327,0.004557776786941581,0.0012671859106529208,0.004935540600000003,0.008238349600000002
