command,mean,stddev,user,system,min,max
./Rust/bin/Euler8,0.0004956379522186748,0.00015038750256487763,0.0006001343455706312,0.0004995157541899442,0.0002747652100000004,0.0017873522100000005
./Nim/bin/p008,0.0006613309401184442,0.00013658199926404796,0.0007664360575296113,0.00044595688663282565,0.0004938452100000004,0.0012581972100000006
./Haskell/bin/8,0.007598410157530866,0.000530036549284919,0.0067762174691358,0.0009848979629629624,0.00708947721,0.00982604521
