command,mean,stddev,user,system,min,max
./Rust/bin/Euler4,0.07817218133981131,0.022124389345605767,0.07789947443396227,0.0009380024528301888,0.050265753170000003,0.12876098517
./Nim/bin/p004,0.10552309017000001,0.013307247275408282,0.10454650554054054,0.0015211020270270272,0.07360079017,0.12989349017000001
./Haskell/bin/4,0.002443588825163261,0.0021101299079733,0.0014718941734693878,0.0016997898265306134,0,0.010419948169999999
python PythonS/E4.py,0.22580681809307693,0.00616906772531933,0.22391388807692308,0.0021437138461538464,0.21571651817,0.23663219917
