command,mean,stddev,user,system,min,max
./D/bin/p002,0.0005021950684491982,0.0003734179881245228,0.0006159451247771838,0.0005637235516934047,0.0001939679000000005,0.0031539159000000005
./Rust/bin/euler_2,0.0004755507996139005,0.0003603707663638917,0.0005663102059202058,0.0006217892213642216,0.0001557999000000006,0.0023820969000000005
./Nim/bin/p002,0.0002716827902261722,0.0003581345271395499,0.00044629315024232596,0.0005018540791599352,0,0.002452747900000001
./Haskell/bin/2,0.0006775744245901644,0.00045952751200357197,0.000725526318926974,0.0006177827496274218,0.00028158590000000074,0.0026746469000000004
