command,mean,stddev,user,system,min,max
./Rust/bin/Euler1,0.003198504300652173,0.0013250692253466982,0.002227586861413044,0.0016995158288043478,0.0007089836049999987,0.007206546604999998
./Nim/bin/p001,0.003287588033057552,0.0002921729393140566,0.0022047801079136675,0.0017474396582733817,0.0029179366049999983,0.005088372605
./Haskell/bin/1,0.004496370073401484,0.00028845554249031907,0.002602233810408922,0.002323724163568773,0.004095989604999998,0.005693972604999999
python PythonS/E1.py,0.01477212899973684,0.0092466405492623,0.011709597039473687,0.003415825000000001,0.006349752604999999,0.037817057605
