command,mean,stddev,user,system,min,max
./Rust/bin/Euler2,0.003947862321083084,0.00056341070267586,0.0024692631157270033,0.002072223323442136,0.0028764579649999972,0.005672368964999997
./Nim/bin/p002,0.003510912652116559,0.00028690420936034285,0.0024679863036809824,0.00172635171779141,0.003091953964999998,0.005020944964999998
./Haskell/bin/2,0.004776114754473684,0.00034977267838323954,0.002657215947368423,0.0024752969824561395,0.004272225964999998,0.007148817964999997
python PythonS/E2.py,0.013022671149210524,0.005933311231318088,0.009179857434210525,0.003968849210526316,0.006698726964999997,0.033527581965
