command,mean,stddev,user,system,min,max
./Rust/bin/euler_2,0.0005804588238762504,0.0004118864146189343,0.0007495875250227481,0.0005488205641492266,0.00016830755999999985,0.007469023560000001
./Nim/bin/p002,0.0003562322277442279,0.00028616734478633543,0.0006115730728241559,0.0004539911367673178,0,0.0027877285600000005
./Haskell/bin/2,0.000680972525886939,0.000316523435759319,0.000802530916179338,0.0006392620857699806,0.0002856945599999999,0.00211139556
