command,mean,stddev,user,system,min,max
./Rust/bin/Euler9,0.0008433663886628426,0.00021522486994157567,0.0008234297440423651,0.0005533070079435128,0.0006202609350000007,0.002837909935000001
./Nim/bin/p009,0.0045623019840654215,0.00021774471428289688,0.004187598971962613,0.000544566261682243,0.004319876935000001,0.005606039935000001
./Haskell/bin/9,0.003973920281899228,0.0002563906743414131,0.0031607508139534857,0.001102042093023256,0.0036933899350000006,0.005421980935000001
