command,mean,stddev,user,system,min,max
./Rust/bin/Euler11,0.0005759177305594046,0.0004231965747822012,0.000622260594059406,0.0008979395990099008,0,0.004656937355
./Nim/bin/p011,0.0004664091454013534,0.0003788348004480009,0.0005979582205029018,0.0007546878384912954,0,0.0020840463549999994
./Haskell/bin/11,0.0019832105416197174,0.0005482522254493994,0.0014270147887323953,0.0012828252992957742,0.001093316354999999,0.0044588483549999995
