command,mean,stddev,user,system,min,max
./Rust/bin/Euler9,0.003429188132661287,0.001373653327497962,0.0024958334072580635,0.0018268429233870966,0,0.006431762299999998
./Nim/bin/p009,0.020574139701709408,0.0015273768444884124,0.019006302435897446,0.0018742347863247863,0.017983497299999998,0.0260256263
./Haskell/bin/9,0.013017100016666665,0.005578844581792119,0.010819563333333332,0.002458683208333333,0.006465933299999999,0.025237807299999998
python PythonS/E9.py,0.11212014433333334,0.008483823155425698,0.10933157166666667,0.0030263010000000008,0.09372234330000001,0.1286562313
