command,mean,stddev,user,system,min,max
./D/bin/p001,0.0005014948797098202,0.0004001923831210339,0.0003475144029017853,0.0005132946456473212,0.00022760594499999934,0.0033539849449999992
./Rust/bin/euler_1,0.0004334344343378225,0.0002993737490592912,0.0003084922166105497,0.0005120732239057235,0.00016563094499999942,0.0022297059449999995
./Nim/bin/p001,0.00024056596291456122,0.0002582428309628317,0.00026913286632981165,0.00041736745062011954,0.000009207944999999268,0.0014276959449999994
./Haskell/bin/1,0.0006731754419199173,0.00029578570946949207,0.00040102381245722034,0.0006008592265571526,0.0003108619449999994,0.0021100209449999995
