command,mean,stddev,user,system,min,max
./Rust/bin/euler_7,0.020598931488861782,0.0008385961867433528,0.019879995365853657,0.0009106817886178863,0.01974359031,0.02400339731
./Nim/bin/p007,0.06554739776238094,0.0012244195825989812,0.04692621952380953,0.01839470642857142,0.06358447431000001,0.06861021031
./Haskell/bin/7,0.0054417583908383275,0.0007205082889530451,0.004452068682634731,0.001170768398203593,0.004752413310000002,0.008099333310000002
