command,mean,stddev,user,system,min,max
./Rust/bin/Euler7,0.020302464917558147,0.0002904631495261466,0.019627623217054257,0.0008437882170542635,0.019906177685000002,0.021397494685000004
./Nim/bin/p007,0.065671858185,0.0009136519592438203,0.045910414090909096,0.019543152727272726,0.064774109685,0.070655094685
./Haskell/bin/7,0.00533422955348635,0.0003725838291784795,0.0044065099503722074,0.0010886028287841192,0.004905182685,0.006526673685
