command,mean,stddev,user,system,min,max
./Rust/bin/euler_3,0.0011328083386440671,0.0003564076349660741,0.0010168189618644072,0.0008624549011299443,0.0006438702200000004,0.002969242220000001
./Nim/bin/p003,0.0016369320900906344,0.0003712743745068595,0.0015573418580060437,0.0006533033987915406,0.0011351482200000003,0.0032706482200000006
./Haskell/bin/3,0.0022528450584401107,0.0004545262281951074,0.0017998988300835664,0.0010112434679665728,0.0017358512200000005,0.004081082220000001
