command,mean,stddev,user,system,min,max
./Rust/bin/Euler3,0.31675678653,0.0003826960012118028,0.31614400500000006,0.000591476,0.31634362173,0.31742271873
./Nim/bin/p003,0.001453992561615119,0.00023386456829728225,0.0014256214776632295,0.0006050246964490264,0.00116245773,0.00247260873
./Haskell/bin/3,0.002092094621891894,0.00030295291878531307,0.0016646190405405412,0.0009938006486486487,0.0017169727300000003,0.004318222730000001
