command,mean,stddev,user,system,min,max
./Rust/bin/Euler5,0.001384935062111957,0.0007217606264491228,0.0010642561832061063,0.0014048768447837159,0,0.0048255899449999974
./Nim/bin/p005,0.00011103152469488148,0.00038336891695327056,0.00026343354330708615,0.0006891864665354327,0,0.0024431569449999977
./Haskell/bin/5,0.003494724165064724,0.00024191897715822674,0.0021661998705501616,0.0021466569579288034,0.0030983769449999974,0.004588183944999998
python PythonS/E5.py,0.025545619015588234,0.008735773927357741,0.01907684,0.006365386470588233,0.011050040944999995,0.039608042945
