command,mean,stddev,user,system,min,max
./Rust/bin/euler_3,0.001089054371877934,0.00042995125100295375,0.0010481416901408453,0.000730528785211268,0.0005278429200000008,0.002749169920000001
./Nim/bin/p003,0.002018867395342468,0.0007505275077041579,0.0016989314520547965,0.0008319694520547945,0.0010309579200000005,0.010151733920000001
./Haskell/bin/3,0.00235496021239766,0.0005243874336816393,0.0018208422612085776,0.001119336257309942,0.001754500920000001,0.004546077920000001
