command,mean,stddev,user,system,min,max
./Rust/bin/Euler6,0.0024912171806532623,0.0012691435259638457,0.0016728688065326613,0.001732808040201005,0.001208529049999997,0.005038711049999997
./Nim/bin/p006,0.003263146475465834,0.00033525152834396114,0.002005262173913042,0.0019313092391304344,0.002899224049999998,0.006607710049999998
./Haskell/bin/6,0.004487600779824558,0.00031345094272306726,0.0025238165964912257,0.0023738251754385946,0.004009359049999998,0.005983179049999997
python PythonS/E6.py,0.019625532023333333,0.0060042496129528,0.014795324999999998,0.0049895270000000005,0.00973099605,0.033604648050000005
