"Rust","Nim","Haskell"
0.32109208650000004,0.039775965299999994,0.0027602990000000003
