"Rust","Nim","Haskell"
0.009611396300000002,0.00048048400000000004,0.0007663919
