"Rust","Nim","Haskell"
0.008922464499999998,0.00038528200000000003,0.0007023885
