"Rust","Nim","Haskell"
0.046111412299999995,0.05914030360000001,0.0010040317
