"Rust","Nim","Haskell"
0.0089541749,0.000448011,0.0008939634
